{"(0, 0, 0)": [7.501320182545515, -7.323704023957878], "(0, 0, 1)": [0.48084355582269733, -6.454067418042467], "(0, 1, 0)": [-6.920491268360957, 9.414196932182136], "(0, 1, 1)": [-0.22200092356265294, 9.007419961999517], "(1, 0, 0)": [9.495228507696838, 0], "(1, 0, 1)": [8.082070975173918, 0], "(1, 1, 0)": [-0.06735654208131522, 9.49821661576018], "(1, 1, 1)": [-0.15291985937031569, 7.464539828178121], "(2, 0, 0)": [0.12178510097820716, 4.206294974940051], "(2, 0, 1)": [4.47294502866547, -1.8002312863928287], "(2, 1, 0)": [9.322397343486273, -4.0533825425871655], "(2, 1, 1)": [0.12667196583271778, 0]}