{"(0, 0, 0)": [-6.128956725926693, 8.604741248377179], "(0, 0, 1)": [5.162720548123104, -6.454067418042467], "(0, 1, 0)": [-5.603437304518421, 4.240792401651488], "(0, 1, 1)": [-0.22200092356265294, 8.999369234735523], "(1, 0, 0)": [9.616423704061061, 0], "(1, 0, 1)": [8.858027011322308, 0], "(1, 1, 0)": [-0.02556504205676241, 9.662011689460881], "(1, 1, 1)": [-0.15291985937031569, 8.92954416003755], "(2, 0, 0)": [9.243853892821749, -0.5171545077422603], "(2, 0, 1)": [8.396527911481485, -1.3203212075563298], "(2, 1, 0)": [9.32467892912193, 0], "(2, 1, 1)": [8.617571054669012, 0]}