{"(0, 0, 0)": [9.873377875526884, -4.381773385361463], "(0, 0, 1)": [5.181806288034771, -5.710859723265754], "(0, 1, 0)": [0.3877680640262205, 9.931194214298552], "(0, 1, 1)": [0.07297606785458496, 9.7009580671936], "(1, 0, 0)": [0.1491, 9.118036898112267], "(1, 0, 1)": [9.848079549981618, 0.0271], "(1, 1, 0)": [9.7865632386826, 0.16176649603802873], "(1, 1, 1)": [0.3227, 9.879060402931056], "(2, 0, 0)": [4.747471570045937, -4.179127296973243], "(2, 0, 1)": [0.5717, 9.313554494064482], "(2, 1, 0)": [6.558658995841112, -10.79464919238404], "(2, 1, 1)": [4.566782491967872, 0.2425]}