{"(0, 0, 0, 0, 0)": [-1.3969939022995579, 2.7703983082604173], "(0, 0, 0, 0, 1)": [0, 0], "(0, 0, 0, 1, 0)": [0, 0], "(0, 0, 0, 1, 1)": [0, 0], "(0, 0, 1, 0, 0)": [8.761517883468763, -2.8004314580515524], "(0, 0, 1, 0, 1)": [0, 0], "(0, 0, 1, 1, 0)": [0, 0], "(0, 0, 1, 1, 1)": [0, 0], "(0, 1, 0, 0, 0)": [9.181996598831578, 0], "(0, 1, 0, 0, 1)": [9.339754258655512, -5.857553362332741], "(0, 1, 0, 1, 0)": [0, 0], "(0, 1, 0, 1, 1)": [0, 0], "(0, 1, 1, 0, 0)": [-0.07918140434507401, 9.096596400504383], "(0, 1, 1, 0, 1)": [-0.07390834933277723, 9.442941973099106], "(0, 1, 1, 1, 0)": [0, 0], "(0, 1, 1, 1, 1)": [0, 0], "(1, 0, 0, 0, 0)": [0, 0], "(1, 0, 0, 0, 1)": [0, 0], "(1, 0, 0, 1, 0)": [0, 0], "(1, 0, 0, 1, 1)": [0, 0], "(1, 0, 1, 0, 0)": [9.56368653625174, -4.901000000000001], "(1, 0, 1, 0, 1)": [0, 0], "(1, 0, 1, 1, 0)": [0, 0], "(1, 0, 1, 1, 1)": [0, 0], "(1, 1, 0, 0, 0)": [6.960450585785113, 0], "(1, 1, 0, 0, 1)": [9.554212342240508, -9.042860401088047], "(1, 1, 0, 1, 0)": [0, 0], "(1, 1, 0, 1, 1)": [0, 0], "(1, 1, 1, 0, 0)": [-0.1279239571959992, 9.528427162993516], "(1, 1, 1, 0, 1)": [-0.19460594676761217, 9.581495977682776], "(1, 1, 1, 1, 0)": [0, 0], "(1, 1, 1, 1, 1)": [0, 0]}