{"(0, 0, 0, 0, 0)": [2.074431004137753, 0.11944746100000002], "(0, 0, 0, 0, 1)": [0, 0], "(0, 0, 0, 1, 0)": [0, 0], "(0, 0, 0, 1, 1)": [0, 0], "(0, 0, 1, 0, 0)": [7.293403371229464, 0], "(0, 0, 1, 0, 1)": [0, 0], "(0, 0, 1, 1, 0)": [0, 0], "(0, 0, 1, 1, 1)": [0, 0], "(0, 1, 0, 0, 0)": [8.66280963704267, 0], "(0, 1, 0, 0, 1)": [8.942175446546955, -3.8099413885363163], "(0, 1, 0, 1, 0)": [0, 0], "(0, 1, 0, 1, 1)": [0, 0], "(0, 1, 1, 0, 0)": [-0.14765881801491518, 8.2714371388855], "(0, 1, 1, 0, 1)": [-3.929931536011469, 8.898774838389631], "(0, 1, 1, 1, 0)": [0, 0], "(0, 1, 1, 1, 1)": [0, 0], "(1, 0, 0, 0, 0)": [0, 0], "(1, 0, 0, 0, 1)": [0, 0], "(1, 0, 0, 1, 0)": [0, 0], "(1, 0, 0, 1, 1)": [0, 0], "(1, 0, 1, 0, 0)": [9.44404145394137, -4.901000000000001], "(1, 0, 1, 0, 1)": [0, 0], "(1, 0, 1, 1, 0)": [0, 0], "(1, 0, 1, 1, 1)": [0, 0], "(1, 1, 0, 0, 0)": [0, 0], "(1, 1, 0, 0, 1)": [9.356980680830967, -8.854931304532265], "(1, 1, 0, 1, 0)": [0, 0], "(1, 1, 0, 1, 1)": [0, 0], "(1, 1, 1, 0, 0)": [-0.043647301288223334, 9.20326967216746], "(1, 1, 1, 0, 1)": [-0.18624457978681663, 9.402246773440696], "(1, 1, 1, 1, 0)": [0, 0], "(1, 1, 1, 1, 1)": [0, 0]}