{"(0, 0, 0, 0, 0)": [-1.3988204366352126, 2.770398283382699], "(0, 0, 0, 0, 1)": [0, 0], "(0, 0, 0, 1, 0)": [0, 0], "(0, 0, 0, 1, 1)": [0, 0], "(0, 0, 1, 0, 0)": [8.761517850841864, 0], "(0, 0, 1, 0, 1)": [0, 0], "(0, 0, 1, 1, 0)": [0, 0], "(0, 0, 1, 1, 1)": [0, 0], "(0, 1, 0, 0, 0)": [9.181996551648918, 0], "(0, 1, 0, 0, 1)": [9.339754226026486, -5.867868602342428], "(0, 1, 0, 1, 0)": [0, 0], "(0, 1, 0, 1, 1)": [0, 0], "(0, 1, 1, 0, 0)": [-0.15519549767615406, 9.096596359524588], "(0, 1, 1, 0, 1)": [-0.22900347765951012, 9.442941941605962], "(0, 1, 1, 1, 0)": [0, 0], "(0, 1, 1, 1, 1)": [0, 0], "(1, 0, 0, 0, 0)": [0, 0], "(1, 0, 0, 0, 1)": [0, 0], "(1, 0, 0, 1, 0)": [0, 0], "(1, 0, 0, 1, 1)": [0, 0], "(1, 0, 1, 0, 0)": [9.563686454971986, -4.901000000000001], "(1, 0, 1, 0, 1)": [0, 0], "(1, 0, 1, 1, 0)": [0, 0], "(1, 0, 1, 1, 1)": [0, 0], "(1, 1, 0, 0, 0)": [6.96043427573234, 0], "(1, 1, 0, 0, 1)": [9.554212264965757, -9.042860401088047], "(1, 1, 0, 1, 0)": [0, 0], "(1, 1, 0, 1, 1)": [0, 0], "(1, 1, 1, 0, 0)": [-0.1279239571959992, 9.528427087768605], "(1, 1, 1, 0, 1)": [-0.19460594676761217, 9.581495904880487], "(1, 1, 1, 1, 0)": [0, 0], "(1, 1, 1, 1, 1)": [0, 0]}