{"(0, 0, 0)": [-14.400881552127172, -19.184981682590845], "(0, 0, 1)": [-4.136255978026952, -24.874754322675642], "(0, 1, 0)": [0.7728779523974907, -17.424240398379446], "(0, 1, 1)": [-16.96275319146729, 2.5981011652018635], "(1, 0, 0)": [3.4201244012229317, -2.370779929422156], "(1, 0, 1)": [0.07437559372967406, -1.1157908051507244], "(1, 1, 0)": [-1.544470505052375, 3.4355619751305024], "(1, 1, 1)": [-0.9683409238457237, -1.6647335044123635], "(2, 0, 0)": [3.2676097339512253, -11.962700146270366], "(2, 0, 1)": [-12.861342535698114, -1.7095976802975632], "(2, 1, 0)": [2.581681561512583, -13.534175092050507], "(2, 1, 1)": [-17.808988403911663, -15.18972901840661]}