{"(0, 0, 0, 0, 0)": [1.5022621080032978, -1.5914516977707454], "(0, 0, 0, 0, 1)": [0, 0], "(0, 0, 0, 1, 0)": [0, 0], "(0, 0, 0, 1, 1)": [0, 0], "(0, 0, 1, 0, 0)": [7.099202982464232, 0], "(0, 0, 1, 0, 1)": [0, 0], "(0, 0, 1, 1, 0)": [0, 0], "(0, 0, 1, 1, 1)": [0, 0], "(0, 1, 0, 0, 0)": [-0.4907239662092322, 9.456614643016705], "(0, 1, 0, 0, 1)": [9.393845567872859, -5.910876857123526], "(0, 1, 0, 1, 0)": [0, 0], "(0, 1, 0, 1, 1)": [0, 0], "(0, 1, 1, 0, 0)": [-0.17691637115959338, 8.599917973208548], "(0, 1, 1, 0, 1)": [-0.12148050068415722, 9.050331015885167], "(0, 1, 1, 1, 0)": [0, 0], "(0, 1, 1, 1, 1)": [0, 0], "(1, 0, 0, 0, 0)": [0, 0], "(1, 0, 0, 0, 1)": [0, 0], "(1, 0, 0, 1, 0)": [0, 0], "(1, 0, 0, 1, 1)": [0, 0], "(1, 0, 1, 0, 0)": [9.5028829875339, -4.901000000000001], "(1, 0, 1, 0, 1)": [0, 0], "(1, 0, 1, 1, 0)": [0, 0], "(1, 0, 1, 1, 1)": [0, 0], "(1, 1, 0, 0, 0)": [4.345555467751309, 0], "(1, 1, 0, 0, 1)": [9.52169845989584, -8.903431797077168], "(1, 1, 0, 1, 0)": [0, 0], "(1, 1, 0, 1, 1)": [0, 0], "(1, 1, 1, 0, 0)": [-0.17966581844239146, 9.463421912923211], "(1, 1, 1, 0, 1)": [-0.27383542728551286, 9.423769498185258], "(1, 1, 1, 1, 0)": [0, 0], "(1, 1, 1, 1, 1)": [0, 0]}