{"(0, 0, 0)": [3.704908925705273, -3.597349188846855], "(0, 0, 1)": [-5.365403642051086, -14.907645685065601], "(0, 1, 0)": [0.7754443698766826, 8.902419335542767], "(0, 1, 1)": [-3.2941290470318676, 9.459289005584669], "(1, 0, 0)": [0.6708, 8.574810291023926], "(1, 0, 1)": [9.327610695121985, 0.05403866483693098], "(1, 1, 0)": [8.547300655833709, 0.1227], "(1, 1, 1)": [0.19597205691061825, 9.270553922435136], "(2, 0, 0)": [0.054928066878586534, 8.458242403809697], "(2, 0, 1)": [8.624641972849016, 0.2495], "(2, 1, 0)": [7.788381806239093, 0.0022], "(2, 1, 1)": [9.216580897107391, -2.5718103759967534]}