{"(0, 0, 0)": [3.3283545353738195, -12.652773478440427], "(0, 0, 1)": [2.705145103344109, -20.02172829578478], "(0, 1, 0)": [-13.091787655606087, 2.435571741130674], "(0, 1, 1)": [-15.202243391570573, 3.445173226558903], "(1, 0, 0)": [3.345050033162628, 0], "(1, 0, 1)": [3.381725013644077, 0], "(1, 1, 0)": [3.3668792697977086, 0], "(1, 1, 1)": [3.530267590757008, -1.205867810537172], "(2, 0, 0)": [3.0849162603647775, -12.370334778597554], "(2, 0, 1)": [-13.300584731329929, -15.807702038093426], "(2, 1, 0)": [3.2325030328257274, -12.29284155369127], "(2, 1, 1)": [1.925273310499489, -14.608866952353884]}