{"(0, 0, 0)": [9.997168391513984, 0], "(0, 0, 1)": [7.351259732799694, -9.086360004895981], "(0, 1, 0)": [-4.081619449037509, 10.085861478237991], "(0, 1, 1)": [-0.5075249399294086, 9.5581476171072], "(1, 0, 0)": [9.961538872783546, 0], "(1, 0, 1)": [10.040102917499778, 0], "(1, 1, 0)": [9.997288364264861, 0], "(1, 1, 1)": [-0.45652017132017153, 10.040913647590555], "(2, 0, 0)": [-1.0023502993722229, 8.518429995679845], "(2, 0, 1)": [4.824939824949429, -2.4378688372780557], "(2, 1, 0)": [7.968263892342522, 0.19420705676335903], "(2, 1, 1)": [9.948021246950558, -3.279069375972308]}