{"(0, 0, 0)": [7.9853666630276425, -7.361938632642087], "(0, 0, 1)": [1.8759245318563624, -6.454067418042467], "(0, 1, 0)": [-6.9915835725036874, 9.68673970584447], "(0, 1, 1)": [-0.22200092356265294, 9.069605923260664], "(1, 0, 0)": [9.72580194605379, 0], "(1, 0, 1)": [9.129046892472257, 0], "(1, 1, 0)": [-0.0936613122350293, 9.728502744371763], "(1, 1, 1)": [-0.15291985937031569, 9.28912838724299], "(2, 0, 0)": [4.44448040709068, 0], "(2, 0, 1)": [3.8336635613941077, -1.9597276120610503], "(2, 1, 0)": [9.647444039120362, -3.445137614500876], "(2, 1, 1)": [8.971116709357126, 0]}